"error","time"
"[0.08487071406536352]","[98126.92800092697]"