"synapses","layers","output","errorAcc","train","getError","getSynapses","setSynapses","clearError"
"[[[3.8795655587546936,4.848006299269361,2.2036395683878425,1.6221142292294672,3.7144729222457347,3.474873724246221],[1.9852099251727537,-3.684869363254112,-0.9369591471318701,-0.4525490296942021,3.8163410698802593,1.790573189846202],[0.28793412354202275,-0.739075469723879,4.4011908267249,0.8655994117418455,1.6320007419952907,0.28793412354202275],[2.391713350385743,2.9227339800967087,3.71473379694598,2.6686518622971462,3.561344820520537,2.965600030905218],[-2.6379262551828293,0.42237692850923914,-1.1523252742296024,3.7144729222457347,-2.556635092670251,-3.5272220468063473],[2.3515918979774364,3.71473379694598,4.715666760155596,0.5189349047336851,3.7144729222457347,-2.3774461481481852],[2.6686518622971462,-3.5272220468063473,-1.2059676043086993,-3.8720612620737143,-3.8694160292291326,-1.406043997811413],[3.592721768307621,-0.4166811526889225,-0.07348706311200193,-2.191549647857401,2.6686518622971462,0.28793412354202275],[0.7717289606649347,2.3515918979774364,-1.4400629265853944,2.6076463490128194,-2.9942667639267038,3.2922746699969725],[-0.241921805116335,-3.378039452544882,3.2922746699969725,0.28793412354202275,3.83001012028625,-4.671070114564214],[-4.1056897852803695,-4.199672817351206,4.4011908267249,-0.3285126045303661,-0.586167605102462,1.9944488992461498]],[[0.7766474068397775],[-0.3303142185918615],[-0.4544791733611113],[2.992210954384543],[-2.3155304069402365],[-2.285559059523395]]]","[[0.5,1,1,0.5217391304347826,0.07344064386317907,0.35294117647058826,0.26229508196721313,0.4909090909090909,0.00036356209150326796,0,0],[0.9998086039854985,0.43491993804519974,0.9995611792026613,0.7274787403230801,0.9999746054048716,0.9826868071634909],[0.09920121001179887]]","[-0.008657950454454805]",1159.6228699258088,,,,,