"weights","inputs","outputs","layers","hidden_layers","weights_range","matrix"
"[-7.151540505956171,-7.151540505956171,3.2669867772793815,-7.151540505956171,3.3311071480619283,-7.151540505956171,0.7844619341678243,-9.413987144555314,9.310231447398479,-7.151540505956171,-7.151540505956171,-7.151540505956171,-2.420348750478656,-7.151540505956171,3.3311071480619283,-8.739034183320085,14.754221964908893,-7.151540505956171,-8.328579879444817,-7.151540505956171,-10.170844919376297,-7.151540505956171,10.716582703207557,3.3311071480619283,-6.747008661827984,-7.151540505956171,-7.151540505956171,-7.151540505956171,2.274614571062404,-7.151540505956171,-7.151540505956171,13.04208659273715,-13.54591504170456,-9.698092442292765,-1.194204102281164,-7.151540505956171,-7.151540505956171,-7.151540505956171,1.494879029277051,-1.5326374234750872,3.3311071480619283,-6.99637398177048,3.3311071480619283,-7.151540505956171]","[""0"",""0"",""0.3333333333333333"",""0.9130434782608695""]","[""0.02012072434607646"",""0.25"",""0.09836065573770492"",""0.7636363636363637"",""0.01908292483660131"",""0"",""0""]","[4,2,4,7]","[2,4]","[-15,15]","[[""0"",""0"",""0.3333333333333333"",""0.9130434782608695""],[0.004317844242967612,0.00024017746708439644],[0.5096194355019842,0.49185150228546126,0.4969579555850694,0.5030710320627104],[0.02331323957910394,0.15455910953798366,7.46663481938965e-7,0.6567338774660627,1.2886697899170243e-7,0.0007533752604244777,0.024461414071557837]]"