"error","time"
"[0.07191558338716615]","[34888.73660099995]"