"error","time"
"[0.09559311432897678,0.09559311432897678]","[103447.21960000135,119489.68289899826]"