"error","time"
"[0.06521053317165659]","[7823.719000000041]"