"error","time"
"[0.10526381842127325,0.08008209798564435,0.10778659168851853]","[35142.6928989999,38047.66870000027,43716.73639899865]"